"age","educ","gender","hrswork","insure","metro","nchild","union","wage","race","marital","region"
47,3,0,40,1,1,3,0,56.25,"White",1,"northeast"
30,5,1,40,0,1,0,0,24.02,"White",0,"northeast"
36,1,0,0,1,1,4,1,20,"White",1,"west"
62,4,0,40,1,1,4,0,72.13,"White",1,"west"
47,3,1,40,1,1,5,0,52.88,"White",1,"midwest"
55,0,0,40,1,0,0,0,25,"White",2,"midwest"
32,2,0,60,1,1,2,0,20.83,"White",1,"south"
41,0,0,60,1,1,1,0,16.67,"White",1,"west"
62,2,0,40,1,1,1,0,48.08,"White",1,"midwest"
46,0,0,36,0,0,0,0,8,"White",0,"south"
46,0,1,40,1,1,2,1,19,"White",1,"midwest"
57,0,1,0,1,1,0,0,25,"Black",2,"west"
24,0,0,0,1,1,0,1,18,"White",0,"west"
56,2,0,60,1,1,2,0,24.03,"White",1,"south"
22,0,0,40,1,1,0,0,14,"White",0,"south"
30,2,0,50,1,1,0,0,25,"White",1,"midwest"
30,3,0,40,1,1,3,0,22.6,"White",1,"midwest"
46,3,1,40,1,1,2,1,20,"White",1,"west"
63,0,1,70,1,1,1,0,11,"White",2,"midwest"
47,2,0,39,0,1,1,0,11,"White",1,"west"
64,5,0,45,1,1,0,0,21.16,"White",1,"midwest"
48,3,0,50,1,1,3,0,18.42,"White",1,"midwest"
60,0,1,38,1,0,0,0,11,"White",1,"northeast"
34,3,1,40,1,0,0,0,30.75,"White",1,"midwest"
37,0,0,40,0,0,0,0,11.4,"White",1,"west"
45,0,1,40,1,1,2,0,15,"Asian",2,"west"
33,0,1,40,1,0,1,0,10,"White",2,"south"
37,0,1,36,1,1,0,0,14,"White",1,"midwest"
49,0,0,40,1,1,1,0,18,"White",1,"midwest"
61,3,0,45,1,1,0,0,25.64,"White",1,"west"
34,0,1,40,0,1,2,0,12.02,"White",1,"south"
32,0,0,54,0,1,2,0,3.76,"White",1,"northeast"
34,4,1,52,1,1,0,0,16,"White",0,"midwest"
50,0,1,40,1,1,0,0,9.75,"White",1,"south"
42,0,0,40,0,1,2,0,25,"White",2,"midwest"
61,0,1,35,1,0,0,0,13,"White",1,"midwest"
41,2,1,52,1,0,2,1,9.25,"White",1,"south"
63,3,1,35,1,1,0,0,41.77,"White",0,"south"
44,2,1,35,1,1,2,0,10.15,"White",1,"midwest"
53,0,1,40,1,1,0,0,12,"White",1,"west"
23,0,0,40,0,1,0,0,10,"Asian",0,"west"
36,1,0,40,1,1,0,0,22,"White",0,"west"
37,2,1,40,1,1,0,0,18,"White",1,"west"
33,3,0,50,1,0,2,0,19.22,"White",1,"midwest"
46,5,0,40,1,1,0,0,37.5,"Black",1,"south"
31,0,0,70,1,1,2,0,12.09,"White",1,"northeast"
57,0,1,50,1,1,0,0,7.94,"White",1,"northeast"
43,3,1,40,1,1,2,0,55.28,"White",1,"south"
44,4,0,40,1,1,2,1,41.25,"White",1,"northeast"
64,4,1,45,1,0,0,1,29.5,"White",1,"northeast"
52,0,0,40,1,1,0,0,8.5,"White",1,"south"
28,3,1,40,1,1,1,0,18.75,"White",1,"midwest"
27,0,1,43,1,0,1,0,17.88,"White",2,"midwest"
47,1,0,40,1,0,1,0,10.38,"Black",0,"south"
42,0,0,35,0,1,0,0,17,"White",0,"south"
60,2,0,45,1,1,0,0,16.69,"White",1,"south"
24,1,0,40,0,1,0,0,16,"White",0,"west"
35,3,0,40,1,1,2,1,9.6,"White",1,"midwest"
54,3,0,40,1,1,0,1,33.65,"White",1,"northeast"
57,0,0,40,1,1,2,0,25,"Asian",1,"west"
68,3,0,60,1,1,0,0,48.08,"White",1,"midwest"
32,1,0,40,1,1,1,0,25,"White",1,"northeast"
31,5,1,45,1,1,2,0,48.29,"White",1,"south"
42,4,0,40,1,1,0,0,42.5,"White",0,"northeast"
34,1,0,50,1,1,0,0,26.92,"White",0,"midwest"
51,4,0,50,1,1,3,0,22.3,"White",1,"south"
53,1,0,40,1,1,2,0,23,"White",1,"midwest"
33,3,0,40,0,1,0,0,15,"White",2,"west"
44,4,1,40,1,1,3,1,60.08,"Asian",2,"west"
21,0,0,40,0,1,0,1,11.6,"White",0,"west"
51,2,1,40,1,1,2,0,26.45,"White",1,"northeast"
49,2,1,40,1,0,0,0,18,"White",1,"midwest"
35,1,0,40,1,1,3,1,16.15,"White",1,"south"
58,1,0,50,1,1,2,0,36.54,"White",1,"midwest"
37,2,0,40,1,1,4,0,16,"White",1,"west"
42,3,1,35,1,1,2,0,38,"White",1,"west"
45,0,0,40,1,1,1,1,34.95,"White",1,"northeast"
46,0,1,40,1,1,0,0,30,"Asian",1,"west"
30,3,0,50,1,1,0,0,23.08,"White",1,"south"
52,3,1,45,1,1,1,0,33.33,"White",1,"west"
41,1,0,42,1,1,3,0,20,"White",1,"midwest"
32,3,1,43,1,1,1,0,25.58,"White",1,"northeast"
52,5,0,40,1,1,2,0,72.13,"White",1,"northeast"
30,3,0,40,1,1,0,0,19.23,"Asian",0,"west"
42,1,1,40,1,1,2,0,12,"White",2,"south"
40,0,1,25,0,1,2,0,7.75,"White",1,"south"
60,0,1,60,1,0,0,0,9,"White",1,"midwest"
62,0,0,40,1,1,0,1,16,"White",1,"west"
35,1,0,40,0,1,0,0,14.75,"White",0,"midwest"
33,1,0,40,1,0,0,0,22,"White",0,"west"
34,0,0,40,1,1,5,1,21,"White",1,"west"
31,3,0,40,0,1,1,0,12.12,"White",0,"south"
28,0,1,55,1,0,2,0,12.24,"White",1,"south"
48,3,0,50,1,1,3,0,33,"White",1,"west"
25,1,0,40,0,1,0,0,15.38,"White",0,"midwest"
41,3,1,38,1,1,0,0,11,"White",2,"midwest"
22,3,1,15,1,1,0,0,20,"White",0,"west"
21,0,1,25,0,1,0,0,9.15,"White",0,"west"
37,3,1,30,1,0,3,0,32,"White",1,"midwest"
41,0,1,36,0,1,2,0,9.19,"White",1,"west"
51,3,1,40,1,1,0,0,22,"White",2,"midwest"
54,4,1,40,1,1,1,1,64.9,"White",1,"northeast"
23,1,0,40,1,1,0,0,16.5,"White",0,"midwest"
68,5,0,40,1,1,0,1,48.08,"White",1,"west"
61,0,0,45,1,1,0,0,14,"White",1,"midwest"
30,2,1,40,1,1,0,0,19.23,"White",0,"midwest"
49,4,0,60,1,1,3,0,27.5,"White",1,"northeast"
33,1,1,40,1,0,3,0,16.24,"Black",2,"south"
43,3,1,40,1,1,1,0,23.08,"Black",1,"south"
39,3,0,40,1,1,2,0,34.6,"White",1,"south"
52,0,0,40,1,0,2,0,22.5,"White",1,"midwest"
33,2,1,45,1,0,0,0,25.48,"White",0,"midwest"
47,2,1,40,1,1,2,0,21.4,"White",1,"south"
47,1,0,40,1,1,0,0,16.75,"White",1,"midwest"
57,2,0,40,1,1,0,1,27.2,"White",1,"northeast"
20,1,0,30,1,1,0,0,8,"White",0,"midwest"
40,4,0,45,1,1,0,0,30,"White",1,"south"
41,0,1,40,1,1,0,0,24.35,"White",2,"midwest"
56,2,0,40,1,0,0,1,35,"White",2,"west"
28,3,1,40,0,1,0,0,12,"White",0,"northeast"
48,0,1,40,1,0,1,0,16.83,"White",1,"midwest"
45,0,1,40,1,1,2,0,16.33,"White",2,"west"
31,4,1,40,1,1,0,0,33.65,"Asian",1,"west"
48,0,1,32,0,1,2,0,10,"White",1,"south"
53,1,0,43,0,1,2,0,27.41,"White",1,"west"
33,3,0,40,1,1,0,0,48.08,"White",0,"northeast"
51,2,0,70,1,0,2,0,14.83,"White",1,"midwest"
49,3,0,40,1,0,2,0,52,"White",1,"south"
28,0,0,40,0,1,4,0,17.5,"Asian",0,"midwest"
62,0,0,30,0,1,0,0,6.67,"Asian",1,"northeast"
36,4,1,55,1,0,2,1,14.45,"White",1,"northeast"
53,0,0,45,1,1,0,0,23,"White",2,"south"
25,3,1,50,1,1,0,0,16,"White",0,"northeast"
64,3,0,40,1,1,0,0,59.63,"White",1,"midwest"
38,0,1,40,0,0,1,0,15,"White",1,"midwest"
45,1,0,40,1,0,3,0,27.88,"White",1,"midwest"
37,0,0,40,0,1,0,0,35,"Asian",0,"west"
47,0,1,40,1,1,2,0,15,"White",1,"south"
55,4,0,45,1,1,0,0,31.2,"White",1,"midwest"
32,4,1,40,1,0,1,0,37.5,"White",1,"south"
54,4,1,40,1,1,2,1,33.65,"White",1,"northeast"
55,2,1,40,1,1,1,0,13.5,"White",1,"northeast"
44,0,0,40,1,0,0,0,14,"White",2,"south"
52,4,1,40,1,1,1,0,22,"White",1,"midwest"
28,0,0,35,0,1,0,0,20,"White",1,"northeast"
61,4,1,40,1,1,0,1,28.85,"White",1,"midwest"
45,0,1,37,1,1,2,0,10.41,"White",1,"south"
23,0,1,40,0,1,0,0,18,"White",0,"south"
54,0,1,40,1,1,0,0,16,"Black",2,"northeast"
27,4,1,40,1,1,0,0,17.3,"White",0,"northeast"
38,2,1,40,1,1,4,0,12,"White",1,"south"
51,4,1,43,1,1,2,0,33.53,"White",1,"northeast"
42,3,1,40,1,1,0,0,24.05,"White",2,"south"
48,2,0,40,1,1,0,0,15,"White",0,"northeast"
58,0,0,50,1,0,0,0,16,"White",1,"midwest"
36,2,1,60,1,0,4,0,15,"White",1,"south"
44,3,1,43,1,1,2,0,19.23,"White",1,"northeast"
46,1,0,40,1,1,0,1,35,"Black",1,"south"
31,4,0,50,1,1,0,0,41.54,"White",0,"south"
37,4,1,40,1,1,3,1,39.22,"White",1,"midwest"
39,4,1,40,1,1,2,0,48.08,"White",1,"west"
52,3,0,50,1,1,2,0,53.84,"Asian",1,"northeast"
38,2,0,50,1,1,2,0,20,"Black",1,"south"
43,3,0,40,1,1,3,0,34.63,"White",1,"west"
27,3,1,40,1,1,0,0,22.35,"White",0,"west"
61,0,0,40,1,0,0,0,9.23,"White",1,"south"
46,3,1,40,1,1,2,0,19.1,"White",0,"west"
47,3,1,40,1,1,1,0,48,"White",2,"west"
31,3,0,40,1,1,0,0,20,"White",0,"west"
50,0,0,40,1,1,0,0,15.08,"White",2,"south"
31,3,1,40,1,1,0,0,38.45,"White",1,"midwest"
27,3,0,40,1,1,1,0,18,"White",1,"south"
45,0,0,40,1,1,0,0,30.77,"White",1,"west"
55,0,0,40,1,1,2,0,16,"White",1,"west"
49,3,0,40,1,1,0,0,43.28,"White",1,"northeast"
44,1,0,20,0,1,1,0,43.75,"Black",0,"south"
45,4,0,27,1,1,0,0,30,"White",0,"midwest"
52,0,0,60,1,1,1,0,26,"White",1,"west"
19,0,1,35,0,1,0,1,10,"Black",0,"midwest"
45,3,1,40,1,0,2,1,31.92,"White",2,"west"
40,1,0,40,0,1,0,0,35,"White",1,"northeast"
58,1,1,38,1,0,0,0,25.29,"White",2,"south"
37,2,1,24,1,1,1,0,11.64,"Black",1,"south"
21,1,1,35,1,1,0,0,3.8,"White",0,"midwest"
30,3,0,40,0,1,0,1,19.17,"Black",0,"northeast"
59,0,0,40,1,0,0,0,14,"Black",1,"south"
27,3,1,40,1,1,0,0,24.05,"White",0,"west"
57,0,0,40,1,1,0,0,22.33,"White",2,"west"
46,1,0,40,1,1,1,0,28.85,"White",1,"west"
42,1,0,40,1,1,2,0,53.13,"White",1,"south"
59,2,0,45,1,1,0,0,15.06,"White",0,"west"
21,1,0,25,1,1,0,0,10,"White",0,"south"
28,5,1,40,1,1,0,0,31.25,"White",0,"south"
32,0,1,35,1,1,0,0,15,"White",0,"midwest"
66,0,0,49,0,0,0,0,8.75,"White",0,"south"
61,3,1,40,1,1,0,0,36.53,"White",1,"south"
31,3,1,52,1,1,0,0,25.73,"White",0,"midwest"
32,0,0,40,0,0,3,0,9.9,"White",1,"west"
60,3,0,40,1,1,0,0,23,"White",1,"west"
57,4,0,50,1,0,0,0,35.38,"White",1,"west"
48,0,1,35,1,1,1,0,13.74,"White",1,"midwest"
57,2,1,40,0,0,2,0,17,"White",2,"west"
45,3,1,40,1,1,2,0,17.3,"White",1,"northeast"
42,5,1,40,1,1,0,0,30.3,"White",0,"midwest"
32,0,0,50,1,0,0,0,19.75,"White",0,"northeast"
26,4,0,40,1,1,0,0,13.5,"White",0,"west"
53,3,0,40,1,1,0,0,67.3,"White",1,"west"
50,0,0,40,1,1,0,0,25,"White",2,"northeast"
33,3,0,50,1,0,0,0,11.52,"White",1,"south"
38,3,0,50,1,1,3,0,57.7,"White",1,"northeast"
66,1,0,40,1,1,0,0,22.5,"Asian",1,"west"
54,3,1,40,1,1,1,0,60.58,"White",1,"northeast"
64,3,0,40,1,1,0,0,27.4,"White",1,"midwest"
37,5,1,40,1,1,1,0,60,"Asian",1,"west"
23,1,0,40,0,0,0,0,11.25,"Black",0,"south"
35,4,0,45,1,1,0,0,27.78,"White",1,"northeast"
26,0,1,40,1,1,1,0,24.05,"White",1,"south"
51,1,0,40,1,1,0,0,21.63,"White",0,"midwest"
54,0,1,26,1,1,1,0,21.81,"White",1,"south"
38,3,0,17,1,1,1,0,19,"White",1,"west"
19,1,1,35,1,1,0,0,3.51,"White",0,"south"
44,4,0,40,1,0,1,0,33.65,"White",1,"midwest"
25,2,0,0,0,0,0,0,10,"White",0,"northeast"
39,0,0,40,0,1,5,0,12,"White",1,"west"
37,2,0,35,1,1,0,0,9,"White",0,"south"
37,3,0,49,1,1,0,0,20.41,"White",0,"northeast"
29,3,1,40,1,1,1,0,19.38,"White",1,"west"
46,3,1,40,1,1,0,0,34.63,"White",1,"south"
44,0,0,40,1,1,0,0,20,"Black",0,"south"
59,0,0,40,0,0,0,0,17,"White",1,"west"
58,2,1,40,1,1,0,1,14,"White",1,"west"
27,3,0,70,1,0,0,0,21.85,"White",0,"northeast"
34,3,0,40,1,1,0,0,24.5,"White",0,"northeast"
24,0,0,40,0,1,0,0,8,"White",0,"south"
49,0,1,45,0,1,0,0,9.56,"Black",2,"south"
47,1,1,67,1,1,1,0,10.5,"White",0,"midwest"
31,3,0,50,1,1,0,0,42.3,"White",0,"south"
33,0,0,40,1,1,0,0,10,"White",1,"south"
36,0,0,50,0,1,0,0,8,"White",0,"northeast"
36,2,1,36,1,1,2,0,29.29,"White",2,"midwest"
33,0,0,52,1,1,0,0,31,"White",1,"west"
32,4,0,40,1,1,0,0,32.92,"Asian",1,"northeast"
42,2,1,40,1,0,2,0,16.4,"White",2,"northeast"
74,0,0,40,1,1,1,0,11.2,"White",1,"midwest"
45,0,0,44,1,1,1,1,28,"White",1,"northeast"
54,0,1,40,1,1,2,0,10,"White",1,"south"
38,3,0,40,1,1,2,0,62.5,"White",1,"midwest"
48,3,1,70,1,1,2,0,32.97,"White",1,"northeast"
60,4,0,60,1,0,0,0,20.83,"White",1,"midwest"
41,3,1,40,1,1,1,0,26.52,"White",1,"midwest"
72,3,0,40,1,1,2,0,63.92,"White",1,"south"
27,3,0,40,1,1,0,0,19.23,"White",0,"west"
37,4,1,40,1,1,0,0,30,"White",1,"south"
49,2,1,40,1,1,0,0,11.88,"Black",1,"south"
36,0,0,38,0,1,3,0,12,"White",1,"west"
59,1,1,52,1,1,0,0,23,"White",2,"northeast"
49,3,0,50,1,1,1,0,53.84,"White",1,"northeast"
34,0,1,40,1,0,2,0,15,"White",1,"south"
35,3,1,47,1,1,0,0,40.11,"White",1,"west"
52,3,1,42,1,0,1,0,17.02,"White",1,"midwest"
51,4,1,50,0,0,0,0,57.7,"White",2,"south"
55,2,0,40,1,0,0,0,29.8,"White",1,"midwest"
52,4,1,45,1,1,2,0,56.84,"White",1,"northeast"
26,0,1,53,1,1,0,0,6.53,"White",0,"south"
25,0,1,40,1,1,0,0,5,"Asian",0,"south"
25,0,0,0,0,1,0,0,7.25,"White",0,"south"
38,4,1,35,1,1,1,1,17,"White",1,"northeast"
52,2,0,45,1,1,1,0,33.33,"White",1,"northeast"
30,3,1,40,0,1,0,0,24.02,"Black",0,"south"
47,3,1,45,1,1,0,0,27.78,"White",0,"northeast"
29,1,0,40,1,1,0,0,24,"White",0,"northeast"
32,1,0,40,1,1,0,0,72.13,"White",2,"south"
56,5,0,60,0,1,2,0,14.42,"White",1,"south"
58,0,1,40,1,0,0,0,29.96,"White",1,"northeast"
39,1,1,45,1,1,2,0,48.89,"White",1,"west"
46,0,0,40,1,1,0,0,22,"White",1,"midwest"
24,1,1,40,1,0,0,1,12.75,"White",0,"midwest"
32,0,0,40,1,1,1,0,9,"White",1,"northeast"
28,0,1,40,0,1,2,1,12,"White",1,"south"
36,3,0,40,1,1,0,0,28.85,"White",0,"west"
33,3,0,40,1,1,2,0,26.45,"White",1,"south"
21,1,0,45,0,1,0,0,13.89,"White",0,"midwest"
56,0,1,40,1,1,0,0,30,"White",1,"northeast"
41,0,1,45,1,0,0,0,15,"White",2,"south"
63,1,1,40,0,0,1,0,28.85,"White",1,"south"
31,4,1,50,1,1,0,0,18.08,"White",1,"northeast"
39,0,0,40,1,1,2,1,20,"Black",1,"midwest"
29,0,0,55,0,1,0,0,13.75,"White",0,"south"
22,0,0,35,1,1,0,0,12.5,"Asian",0,"west"
36,0,1,40,0,1,0,0,10.5,"Black",0,"south"
22,0,0,40,1,1,0,0,12.9,"White",0,"west"
68,3,0,40,1,1,0,0,52.88,"White",1,"south"
38,1,0,20,1,1,0,0,23.45,"White",1,"south"
34,0,0,40,1,1,0,0,10,"Asian",0,"south"
20,1,1,35,1,0,0,0,15.11,"White",0,"midwest"
59,3,0,40,1,1,0,1,21.5,"White",2,"northeast"
36,0,1,40,1,1,0,1,9,"Asian",1,"west"
27,1,0,40,1,1,0,0,20,"White",0,"west"
42,1,1,40,0,1,0,0,16.5,"White",0,"northeast"
43,1,1,40,1,0,2,0,10.5,"White",2,"midwest"
62,1,1,38,1,1,0,0,31.56,"White",2,"midwest"
34,4,0,60,1,1,0,0,48.08,"White",0,"west"
54,4,0,40,1,1,2,0,37.5,"White",1,"midwest"
58,0,0,48,1,1,0,0,28.04,"White",1,"northeast"
37,0,0,40,1,1,2,0,30,"White",1,"northeast"
34,4,1,40,1,1,1,0,28.85,"White",1,"south"
28,2,0,40,1,1,0,0,23,"White",0,"south"
21,0,1,40,1,1,0,0,10.4,"White",0,"south"
22,1,1,40,1,1,0,0,16.83,"White",0,"midwest"
20,1,1,0,0,1,0,0,8,"Black",0,"south"
40,0,1,20,1,1,3,0,15,"Black",0,"south"
29,3,0,40,1,1,0,1,28.13,"White",1,"south"
41,1,0,37,1,1,1,0,12.7,"White",1,"midwest"
43,1,1,40,1,1,3,0,11,"White",1,"south"
41,4,0,55,1,1,1,1,20.98,"White",1,"midwest"
52,3,0,40,1,1,0,0,20.65,"White",2,"northeast"
39,4,0,40,1,1,0,0,28.85,"White",0,"south"
26,0,0,45,1,1,0,0,13,"White",1,"midwest"
54,0,0,40,1,0,1,1,32,"White",1,"midwest"
26,1,1,40,1,1,0,0,12.5,"White",0,"south"
28,3,0,60,1,1,0,1,9.62,"White",0,"west"
44,0,0,40,0,0,0,0,11.5,"White",1,"south"
60,4,0,40,1,1,0,0,72.13,"Asian",1,"west"
36,2,0,55,1,1,0,0,9,"White",0,"northeast"
33,3,1,40,1,1,2,1,19.23,"White",1,"west"
31,3,0,50,1,1,2,0,19.62,"White",1,"midwest"
67,3,1,50,1,1,0,0,27.68,"White",1,"midwest"
54,1,1,40,1,1,0,0,29.8,"White",0,"south"
50,1,0,45,1,1,0,1,25.35,"White",1,"west"
42,4,0,42,1,1,2,0,53.12,"White",1,"west"
58,4,0,50,1,1,0,0,51.92,"White",1,"northeast"
43,2,1,35,1,1,0,1,16.7,"White",1,"midwest"
77,0,0,30,1,0,0,0,12,"White",1,"midwest"
42,0,1,40,1,1,2,0,15,"White",1,"west"
24,1,0,30,0,1,0,0,10,"Asian",0,"west"
31,0,1,40,0,1,2,0,10,"Black",0,"south"
32,3,0,40,1,0,0,0,16,"White",0,"south"
60,3,1,42,1,1,0,0,9.5,"White",1,"west"
57,0,0,65,1,1,0,0,11.25,"White",1,"south"
46,0,1,35,1,1,0,0,10,"White",1,"west"
43,0,1,40,1,1,3,0,43.28,"Black",2,"south"
59,3,0,40,1,1,0,1,32,"White",2,"south"
26,3,1,40,1,1,0,0,30,"White",1,"west"
26,1,0,40,0,1,0,0,31.25,"White",0,"northeast"
71,3,1,40,1,1,0,0,18,"White",1,"midwest"
22,3,1,65,1,1,0,0,4.62,"White",0,"midwest"
26,2,0,35,1,1,0,0,20,"White",0,"west"
62,0,0,40,1,0,0,1,21,"White",1,"northeast"
34,3,0,40,1,0,3,0,28.38,"White",1,"northeast"
47,3,1,40,1,1,2,0,39.45,"White",1,"northeast"
27,3,1,40,1,0,0,0,11.5,"White",0,"midwest"
35,0,0,0,0,1,0,0,9,"White",2,"south"
37,0,0,40,1,1,3,0,20,"White",1,"south"
37,3,1,40,1,0,0,0,17.3,"White",1,"midwest"
57,0,0,60,1,1,1,0,20.83,"White",1,"south"
28,4,1,40,1,1,0,0,27.5,"White",1,"west"
29,0,0,40,1,1,1,0,27.5,"White",1,"west"
56,0,1,40,1,1,1,0,22.5,"White",1,"midwest"
65,1,0,50,1,1,0,0,48.06,"White",1,"south"
40,0,0,50,0,0,3,0,26.7,"White",1,"south"
34,0,0,50,1,1,2,0,30.62,"White",1,"south"
38,0,0,40,0,0,4,0,14.25,"White",1,"midwest"
32,3,1,38,1,1,0,0,33.39,"White",0,"south"
63,3,0,55,1,1,0,1,26.22,"White",1,"south"
46,3,1,36,1,0,0,1,49,"Asian",1,"west"
30,0,1,40,1,1,1,1,15.61,"White",1,"west"
53,3,0,40,1,1,0,0,25.77,"White",0,"midwest"
30,4,1,40,1,1,1,0,23.08,"White",1,"south"
35,3,1,40,1,1,1,0,28.75,"Black",0,"south"
48,2,1,58,1,1,0,0,13,"White",0,"midwest"
29,3,0,40,1,1,0,0,18,"Black",0,"south"
29,3,0,60,1,1,0,0,12.82,"White",0,"south"
51,1,1,20,1,1,1,0,10,"White",1,"south"
59,3,1,50,1,1,0,0,23.84,"White",2,"midwest"
40,1,1,40,1,1,1,0,15.35,"White",1,"west"
62,0,1,40,1,1,0,1,17.66,"White",1,"west"
60,4,0,38,1,1,0,1,37.84,"White",2,"south"
32,1,1,36,0,0,0,0,9.89,"White",0,"west"
64,2,0,45,1,0,0,0,22.8,"White",1,"midwest"
54,4,0,45,1,1,1,0,64.11,"White",1,"northeast"
30,3,1,40,1,0,0,0,15,"White",0,"midwest"
44,3,0,50,1,1,0,0,27.7,"White",2,"midwest"
24,3,0,40,1,0,1,0,14.5,"Black",0,"south"
56,4,1,40,1,1,0,1,36.14,"White",2,"south"
31,0,1,38,1,0,2,0,20,"White",1,"northeast"
51,4,0,40,1,1,0,0,60.21,"White",1,"midwest"
54,0,1,40,1,1,3,0,12.5,"White",1,"west"
58,2,0,40,1,1,0,0,22.6,"Black",1,"midwest"
57,5,0,40,1,1,0,0,57.7,"White",1,"midwest"
51,1,1,40,0,1,1,0,7.5,"White",2,"northeast"
27,0,1,40,0,0,0,0,9.38,"White",0,"west"
48,3,1,40,1,1,0,0,25,"White",2,"south"
62,1,1,40,1,1,0,1,13,"White",1,"south"
43,3,0,40,1,1,2,0,23.08,"White",1,"west"
37,0,1,40,1,1,1,0,16.83,"Black",0,"south"
25,1,0,30,1,0,0,0,9.5,"White",0,"midwest"
39,2,0,64,1,0,0,0,15.86,"White",2,"midwest"
40,3,1,40,1,1,2,0,21.15,"White",2,"midwest"
39,3,1,40,1,1,3,1,19.23,"White",1,"northeast"
47,1,0,40,1,1,0,0,46.63,"White",2,"northeast"
58,4,0,40,1,1,1,0,50,"White",1,"west"
50,0,1,40,1,0,0,0,6.72,"White",1,"midwest"
29,3,0,50,1,1,2,0,12.12,"White",1,"south"
41,0,0,35,0,0,0,0,8.57,"White",0,"midwest"
47,0,0,40,0,1,0,0,8.5,"White",2,"south"
54,0,0,40,1,1,0,1,30.62,"White",1,"midwest"
38,1,0,40,1,1,2,0,43.25,"White",1,"west"
20,1,1,0,0,1,1,0,8,"Black",1,"south"
50,0,0,40,0,1,2,0,11,"White",1,"south"
55,2,0,40,1,1,0,0,21.25,"White",1,"west"
25,0,0,40,1,1,0,0,8.75,"Asian",0,"northeast"
43,2,1,50,1,1,0,1,26.92,"White",0,"south"
34,4,0,40,1,1,0,0,44.63,"White",0,"west"
56,3,1,40,1,1,0,0,22,"White",1,"south"
48,3,1,40,1,1,1,0,20.29,"White",2,"south"
38,1,1,40,1,1,3,0,12.98,"Black",1,"south"
46,0,0,50,1,0,0,0,57.7,"White",1,"northeast"
29,2,1,36,1,1,2,0,28,"White",1,"south"
37,4,0,45,1,1,0,0,10.27,"White",0,"west"
58,3,1,40,1,0,0,0,18.98,"White",1,"northeast"
37,3,1,50,1,1,0,0,36.54,"White",1,"south"
51,3,0,40,1,1,0,0,34,"White",1,"south"
36,3,1,40,0,1,2,1,10,"White",2,"west"
52,4,0,60,1,1,2,0,48.08,"White",1,"midwest"
26,2,0,40,1,1,2,0,8.5,"White",2,"midwest"
40,0,0,60,1,1,0,0,13.47,"White",1,"south"
28,0,0,40,0,1,0,0,17.3,"Asian",0,"west"
50,2,0,40,1,1,0,0,35,"White",0,"midwest"
54,3,0,40,1,1,0,0,72.13,"White",0,"west"
60,1,1,40,1,1,0,0,14,"White",0,"midwest"
28,3,0,45,1,1,0,0,23.07,"White",0,"midwest"
48,0,1,40,1,1,3,0,20,"White",1,"west"
24,0,0,40,1,1,2,0,10,"White",1,"south"
45,0,0,40,1,1,4,1,22.23,"Asian",1,"west"
24,0,0,40,0,0,0,0,9.5,"White",1,"midwest"
48,4,1,32,1,1,2,0,38.56,"White",1,"northeast"
41,2,0,40,1,1,2,0,37.5,"White",1,"midwest"
32,0,0,45,1,1,0,0,11.35,"White",0,"midwest"
52,0,0,40,0,0,0,0,14,"White",1,"west"
42,3,1,40,1,1,4,1,33.65,"White",1,"northeast"
25,1,0,40,0,1,0,0,10,"White",0,"midwest"
30,0,0,50,0,0,0,0,12,"White",2,"midwest"
54,1,0,40,0,1,0,0,10,"White",1,"midwest"
36,3,0,50,1,1,0,0,57.7,"White",1,"south"
46,5,0,40,1,1,4,0,43.28,"White",1,"northeast"
44,0,1,42,1,1,1,0,15.3,"White",1,"midwest"
63,1,0,40,1,1,0,0,23.08,"White",1,"west"
30,0,1,40,1,1,0,0,17.5,"White",0,"west"
24,0,0,30,1,0,0,0,18,"White",0,"south"
45,0,0,40,0,1,2,0,9.5,"Black",1,"south"
32,1,0,70,0,0,1,0,7.64,"White",1,"west"
35,3,1,40,1,1,0,0,31,"White",0,"south"
34,2,0,40,1,1,2,0,40,"White",1,"south"
55,0,0,40,1,1,0,0,16.25,"Black",0,"south"
27,2,1,40,1,1,0,0,16,"White",0,"midwest"
45,1,1,40,1,0,3,0,10.75,"White",1,"midwest"
36,3,1,40,1,1,0,0,53,"White",2,"south"
30,0,1,36,1,1,0,0,13.33,"White",0,"south"
61,0,0,40,1,1,0,0,28,"White",1,"south"
46,0,0,40,1,1,0,0,21,"White",1,"northeast"
45,4,1,40,0,1,0,0,16.5,"White",2,"northeast"
24,0,1,40,1,0,1,0,10.13,"White",0,"south"
31,3,0,55,1,0,0,0,20.98,"White",1,"midwest"
49,1,0,45,1,1,2,1,27.59,"White",1,"midwest"
24,3,0,40,1,1,0,0,12,"White",0,"midwest"
59,4,1,50,1,1,0,0,34.62,"White",1,"south"
57,0,0,60,1,1,0,0,9.6,"Black",1,"south"
37,0,0,40,0,1,4,0,7.68,"White",1,"south"
47,3,1,40,0,1,0,0,14,"White",2,"west"
64,4,0,70,1,0,0,0,41.21,"White",1,"midwest"
24,4,1,20,0,1,0,0,51.9,"White",0,"south"
51,0,1,40,0,0,0,0,10,"White",1,"northeast"
34,1,1,40,1,1,0,0,9,"White",2,"west"
61,4,0,50,1,1,2,0,17.3,"White",1,"south"
29,4,0,40,1,1,0,0,28.85,"Asian",1,"south"
29,3,0,40,1,0,0,0,22.35,"White",1,"south"
35,0,0,20,0,0,6,0,9,"Black",1,"south"
32,3,0,38,1,1,0,0,25.29,"White",0,"midwest"
29,3,0,40,1,1,0,0,33.65,"White",1,"northeast"
30,2,0,42,1,1,0,0,14.64,"White",0,"south"
36,2,0,40,1,1,1,0,14,"White",1,"west"
45,3,0,40,1,1,2,0,17,"Asian",1,"west"
20,1,0,8,1,1,0,0,9.5,"White",0,"south"
59,1,0,42,1,1,0,1,40.91,"Asian",1,"northeast"
25,3,0,40,1,1,0,0,43,"White",0,"south"
53,1,1,38,1,0,0,0,7.25,"White",1,"west"
58,2,0,50,0,0,2,0,14.5,"White",2,"south"
58,0,1,40,1,1,0,0,14,"White",1,"midwest"
28,0,0,0,0,1,0,0,8.5,"White",0,"northeast"
20,0,1,40,1,1,0,0,7.75,"Black",1,"south"
56,1,1,40,1,1,0,1,30,"Black",1,"south"
60,1,0,40,1,1,0,0,26.5,"White",1,"west"
38,0,0,50,1,1,2,0,16.55,"White",1,"south"
56,1,0,40,1,1,0,1,22.59,"Black",1,"west"
32,4,0,45,1,1,0,1,32.25,"White",0,"midwest"
27,1,0,40,1,1,1,0,9,"White",1,"midwest"
31,5,0,55,1,1,0,0,26.22,"Asian",0,"northeast"
48,1,0,60,1,1,0,0,15,"White",1,"midwest"
48,3,1,40,1,1,1,1,41.3,"White",2,"midwest"
50,0,0,40,1,1,1,0,13.75,"White",1,"west"
45,3,1,35,1,1,2,0,10.95,"White",1,"south"
31,0,1,40,0,1,0,0,10,"White",0,"south"
47,0,1,45,1,0,1,0,17,"White",1,"midwest"
37,4,0,40,1,1,0,0,38.45,"White",0,"west"
47,0,1,42,1,1,3,0,15,"White",1,"south"
51,0,0,40,1,1,0,0,17.3,"White",1,"west"
51,3,0,40,1,1,1,0,39.5,"White",1,"west"
56,0,0,50,1,0,2,0,22.3,"White",1,"midwest"
27,0,0,35,0,1,0,0,16,"White",0,"midwest"
23,3,1,40,1,1,0,0,22,"White",1,"midwest"
32,3,1,40,1,1,3,0,22.6,"White",1,"south"
57,4,0,45,1,1,0,0,38.47,"White",1,"west"
29,0,0,40,1,1,3,0,20,"White",1,"south"
35,2,0,45,1,0,2,0,17.09,"White",1,"midwest"
35,0,1,30,0,1,1,0,10,"White",1,"west"
56,3,1,40,1,0,0,0,28.85,"White",1,"south"
31,2,1,40,1,1,0,0,18,"White",0,"west"
50,3,0,50,1,1,3,0,57.7,"White",1,"west"
54,2,1,38,1,1,0,0,40.47,"Black",2,"south"
37,0,1,40,1,1,2,0,19.12,"Black",0,"midwest"
41,2,0,64,1,1,2,0,24.72,"Asian",1,"west"
43,4,1,40,1,1,2,0,72.13,"White",2,"south"
25,3,0,40,1,1,0,0,33.65,"White",0,"south"
51,3,0,45,1,0,4,0,30.22,"Asian",1,"south"
49,0,0,40,1,1,1,0,10.35,"White",1,"west"
39,3,0,50,1,1,0,1,53.84,"Asian",0,"northeast"
31,3,0,40,1,1,0,1,25.48,"White",1,"midwest"
32,3,1,40,1,1,2,0,28.85,"Asian",1,"west"
26,3,1,35,1,1,0,0,15,"White",0,"midwest"
30,0,0,40,1,1,0,0,24.8,"White",0,"south"
46,1,1,40,1,1,1,0,18.25,"Black",1,"south"
35,0,0,40,0,1,0,0,25,"White",0,"west"
31,4,1,40,1,0,0,1,33.15,"White",0,"midwest"
51,0,1,40,1,0,0,0,14.4,"Black",1,"south"
45,3,0,40,1,1,2,0,19.23,"White",0,"midwest"
32,3,0,55,0,1,1,0,22,"White",1,"west"
53,3,0,40,1,1,0,0,50,"White",1,"northeast"
39,3,1,40,1,1,0,0,48.08,"White",0,"south"
38,0,0,48,1,1,4,0,11.46,"White",1,"south"
63,2,1,36,1,0,0,1,19,"White",2,"midwest"
72,4,1,45,1,1,0,1,42.73,"Asian",1,"west"
24,3,1,40,1,1,0,1,25.95,"Asian",0,"south"
33,4,0,20,1,1,0,0,22,"Black",2,"west"
35,2,1,42,1,1,0,1,30.24,"Black",0,"midwest"
26,3,0,40,1,1,0,0,19.23,"White",0,"south"
48,0,1,40,1,1,3,0,16.35,"White",1,"northeast"
58,0,1,38,1,0,0,1,20.25,"White",1,"northeast"
36,1,1,8,1,1,2,0,6.88,"White",1,"south"
39,4,1,40,1,1,1,1,20,"White",1,"northeast"
41,1,0,40,1,1,0,0,30,"White",0,"west"
36,3,0,40,1,1,2,0,31,"White",1,"west"
40,2,1,35,1,1,0,1,12,"White",0,"west"
33,3,1,50,1,1,0,0,8,"White",0,"midwest"
50,2,1,40,1,1,2,0,16.75,"White",1,"west"
70,0,0,40,1,1,0,0,27,"White",0,"northeast"
33,0,1,40,1,1,2,0,10,"White",2,"south"
44,3,0,40,1,1,2,0,10,"Asian",1,"midwest"
23,3,1,40,0,1,0,0,12.13,"White",1,"south"
44,4,1,40,1,1,1,0,38.45,"White",1,"northeast"
30,3,0,40,1,1,0,0,12.5,"White",2,"midwest"
58,0,0,60,1,0,0,0,17.62,"White",1,"west"
38,5,1,55,1,1,1,0,22.04,"White",1,"south"
26,0,0,50,0,0,4,0,17,"White",1,"west"
33,0,0,35,0,1,2,0,15,"White",1,"northeast"
60,1,0,40,1,1,0,0,16.83,"White",1,"west"
25,0,1,35,1,1,0,0,14.1,"White",2,"west"
55,3,1,45,1,1,0,0,26.49,"Black",1,"south"
52,4,1,40,1,1,1,0,17.88,"White",1,"south"
45,3,0,40,1,1,2,0,57.67,"White",1,"midwest"
25,0,0,40,0,0,2,0,18,"White",0,"northeast"
33,1,0,40,1,1,1,1,19.23,"White",1,"midwest"
41,0,0,40,0,1,0,0,24.05,"White",1,"northeast"
49,2,1,40,1,0,1,1,25,"White",0,"west"
51,1,1,40,1,0,0,0,10,"White",1,"midwest"
53,2,0,40,1,0,2,0,34,"White",1,"northeast"
40,0,1,36,0,1,3,0,10.85,"White",1,"south"
37,1,0,40,1,1,2,0,17.4,"Black",1,"south"
35,3,1,40,1,0,3,0,9,"White",1,"midwest"
23,3,0,41,0,1,2,0,7.98,"White",1,"south"
47,3,1,45,1,1,2,0,29.91,"White",1,"midwest"
35,0,1,40,1,1,0,0,17.77,"White",2,"south"
41,3,0,50,1,0,3,0,26.92,"White",1,"south"
64,0,0,40,1,1,0,1,23,"White",1,"northeast"
55,4,1,40,1,1,1,0,12.98,"White",0,"west"
25,0,0,40,0,1,0,1,11.4,"Black",0,"west"
33,4,0,55,1,1,0,0,31.47,"White",1,"northeast"
47,2,1,44,1,0,0,0,14.2,"White",2,"south"
31,1,0,45,0,1,1,0,10,"White",1,"south"
47,0,1,52,1,0,0,0,14.79,"White",2,"south"
54,0,1,40,1,1,1,0,15.88,"White",1,"south"
33,1,1,40,1,0,0,0,15,"White",2,"south"
30,3,1,52,1,0,2,0,30.35,"White",1,"northeast"
52,3,1,37,1,1,1,1,19,"White",1,"west"
57,3,1,32,1,1,1,0,20,"White",1,"midwest"
58,0,0,50,1,1,1,0,18,"White",1,"northeast"
58,0,1,40,0,0,0,0,12.7,"White",1,"west"
38,3,1,50,1,1,2,0,26.92,"White",1,"midwest"
26,3,0,40,1,1,0,0,24.05,"White",0,"midwest"
59,0,0,40,1,1,0,0,24.96,"White",1,"midwest"
23,3,1,40,1,1,0,0,12,"White",1,"south"
50,2,1,40,1,1,0,0,28,"White",1,"midwest"
39,1,0,55,1,1,1,0,33.56,"White",1,"midwest"
28,3,0,40,1,1,0,0,25,"White",0,"northeast"
33,3,0,50,1,1,0,0,28.84,"White",1,"midwest"
73,5,1,50,1,1,0,0,57.7,"White",2,"west"
45,4,0,70,1,1,3,0,27.47,"White",1,"south"
56,1,1,40,1,1,1,0,15,"White",1,"northeast"
45,1,0,40,1,1,1,0,28.85,"White",1,"midwest"
23,3,1,40,1,1,0,0,29.8,"White",0,"south"
52,1,0,0,1,1,0,0,13.95,"White",1,"midwest"
55,0,0,50,1,1,0,0,12,"White",1,"midwest"
31,3,0,27,0,1,0,0,14,"White",1,"west"
64,0,0,40,1,0,0,0,15.5,"White",1,"west"
65,4,0,40,0,0,0,0,9.6,"White",0,"northeast"
60,0,0,40,1,0,2,0,25,"White",1,"midwest"
43,0,0,40,1,1,2,1,14.43,"Black",1,"south"
24,0,0,52,0,1,0,0,10,"White",0,"west"
25,3,1,40,1,1,0,0,13.27,"White",0,"midwest"
47,0,0,40,1,1,2,0,12.8,"White",1,"northeast"
54,3,0,40,1,1,2,0,43.28,"White",1,"south"
48,4,0,50,0,1,0,0,28.26,"White",2,"midwest"
27,0,0,40,1,1,3,0,11,"White",1,"south"
56,4,0,50,1,1,2,0,53.08,"White",1,"midwest"
70,1,0,40,1,1,0,0,36.54,"White",1,"west"
23,1,0,40,1,1,0,0,10,"White",0,"midwest"
49,2,1,40,1,0,0,0,8,"White",1,"south"
24,3,1,40,1,1,0,0,20,"White",0,"midwest"
33,3,0,40,1,1,0,0,34.63,"White",1,"south"
41,3,0,45,1,1,0,0,9.5,"White",0,"west"
36,3,1,40,1,1,0,0,23.08,"White",0,"west"
42,3,0,50,1,1,2,0,16,"White",1,"south"
50,1,1,40,1,1,1,0,38.45,"White",1,"south"
48,0,0,40,1,0,0,0,12,"White",1,"northeast"
26,3,0,45,0,1,0,0,14.5,"White",0,"west"
46,1,1,40,1,1,2,0,10.4,"White",2,"south"
51,0,0,50,1,0,0,1,20.8,"White",1,"midwest"
49,0,1,60,1,1,2,0,15,"White",1,"west"
61,3,1,40,1,1,0,0,27,"White",1,"south"
46,1,1,50,1,1,0,1,14,"White",1,"west"
51,0,1,40,1,1,0,0,7.25,"Asian",1,"west"
64,4,0,40,1,0,0,0,48.08,"White",1,"northeast"
23,3,0,0,1,1,0,0,14,"White",0,"south"
61,1,1,45,1,1,1,0,60.27,"White",0,"northeast"
65,1,1,40,1,1,1,0,15.61,"White",1,"west"
31,4,0,40,1,1,1,1,43.28,"White",1,"south"
62,0,0,45,1,1,0,0,17.96,"White",1,"northeast"
35,4,0,45,1,1,0,0,34.18,"Asian",0,"west"
38,4,1,55,1,1,0,0,25.87,"White",0,"west"
36,0,1,40,1,1,3,0,24.05,"White",1,"west"
63,3,1,35,1,0,0,0,42.86,"White",0,"northeast"
56,1,1,40,1,1,0,0,17.3,"Black",1,"midwest"
35,0,1,40,1,0,2,0,14,"White",1,"northeast"
41,3,0,50,1,1,1,0,38.46,"White",1,"northeast"
38,1,1,40,1,1,2,0,18.5,"White",1,"west"
30,2,0,40,1,1,0,0,14.25,"White",1,"midwest"
58,1,0,41,1,1,0,1,38,"White",0,"south"
63,3,1,45,1,0,0,1,22.78,"White",2,"northeast"
46,0,1,40,0,0,0,0,11.88,"Black",2,"south"
26,0,1,40,1,1,0,1,27.5,"White",0,"northeast"
54,0,0,40,1,1,0,0,25,"White",2,"south"
53,0,0,40,1,0,1,0,21.56,"White",1,"south"
58,2,1,38,1,1,0,1,15,"White",1,"northeast"
44,1,1,40,1,1,1,0,16.25,"White",1,"northeast"
61,0,1,40,1,0,0,0,11.02,"White",1,"midwest"
50,4,0,40,1,1,2,1,25.77,"White",1,"south"
27,3,1,40,1,1,0,0,22,"White",1,"south"
37,0,0,40,1,0,2,0,14.48,"White",1,"west"
33,5,0,40,1,1,2,0,45,"White",1,"west"
59,4,1,50,0,0,0,0,30,"White",1,"northeast"
39,1,1,40,1,1,2,0,35.63,"White",1,"midwest"
42,1,0,40,1,1,0,0,38.45,"White",2,"midwest"
52,0,0,40,1,0,2,0,13.25,"White",1,"west"
39,4,1,40,1,1,2,0,35.78,"White",1,"south"
51,2,0,50,1,1,2,0,46.14,"White",1,"west"
45,4,0,40,1,1,2,0,52.88,"White",1,"northeast"
39,3,1,40,1,0,1,0,24.52,"White",1,"midwest"
56,2,1,40,1,1,2,0,10,"Black",1,"south"
52,0,0,40,0,0,0,0,13,"White",2,"south"
59,3,0,40,1,1,2,1,28.85,"White",1,"west"
32,3,0,40,1,1,2,1,28.85,"White",1,"west"
23,3,1,46,1,1,0,0,10.75,"White",0,"northeast"
23,2,0,40,1,1,0,1,20,"White",0,"midwest"
26,2,1,40,1,1,2,0,14.68,"White",1,"midwest"
22,0,1,40,0,1,1,0,9.5,"Black",0,"northeast"
54,1,1,35,1,1,1,0,16.96,"White",1,"northeast"
43,3,0,40,1,0,0,0,37,"White",0,"midwest"
36,0,1,50,0,1,1,0,3.46,"White",1,"northeast"
57,0,1,40,1,1,0,0,12,"White",1,"midwest"
43,3,1,40,1,0,3,0,9,"White",1,"midwest"
57,2,0,45,1,0,0,0,30.76,"White",1,"midwest"
42,0,1,40,1,1,0,0,20.65,"White",0,"northeast"
27,0,1,35,1,1,0,0,8,"White",2,"west"
56,1,1,40,1,1,1,0,5.78,"White",1,"south"
63,0,0,70,1,0,0,0,20,"White",2,"midwest"
58,4,1,45,1,1,0,1,12.82,"White",1,"northeast"
45,3,1,40,1,1,0,0,12.12,"White",1,"south"
30,0,0,40,0,1,0,0,8,"White",1,"west"
23,0,0,40,0,0,2,0,12,"White",1,"south"
60,0,0,40,1,1,0,0,15,"Black",1,"south"
58,2,1,50,1,1,0,0,26.92,"White",2,"south"
28,1,1,40,1,1,1,0,19,"White",0,"northeast"
55,3,0,40,1,1,0,0,27.36,"White",2,"south"
34,0,0,35,0,1,0,0,27,"White",0,"midwest"
28,0,0,35,0,1,0,0,13.01,"Black",0,"northeast"
38,0,0,40,0,1,4,0,9.5,"White",1,"west"
24,2,1,40,1,1,0,0,10,"White",0,"south"
57,0,1,40,1,0,0,0,28.85,"White",1,"midwest"
48,3,0,35,1,1,3,0,12,"Black",1,"west"
42,0,1,50,0,1,0,0,28,"Black",0,"south"
54,2,0,40,1,1,0,0,20,"Black",2,"west"
31,1,0,40,1,1,0,0,16,"White",2,"midwest"
44,1,1,40,0,1,4,0,13.5,"White",2,"west"
55,0,1,40,1,1,0,0,10,"White",1,"northeast"
51,0,0,40,1,1,3,0,28.83,"White",1,"midwest"
52,0,0,35,1,0,0,0,20,"White",1,"northeast"
35,3,0,40,1,1,2,0,39,"White",1,"northeast"
46,4,1,40,1,1,2,1,27.4,"White",1,"northeast"
32,3,1,40,1,1,1,0,20.77,"White",1,"northeast"
25,3,0,32,1,1,0,0,21,"White",0,"south"
42,2,0,40,1,1,0,0,15,"White",2,"midwest"
42,3,0,40,1,1,2,0,31.25,"White",1,"midwest"
38,3,0,40,1,1,2,0,31.25,"White",1,"northeast"
28,0,0,40,0,1,1,0,10,"White",0,"west"
33,0,1,40,1,1,1,0,15,"White",2,"west"
56,3,0,60,1,1,1,0,4,"White",2,"south"
60,2,1,40,1,1,0,0,25,"White",2,"northeast"
56,2,1,40,1,1,1,0,10,"White",1,"west"
57,0,1,53,1,1,2,0,17.23,"White",2,"northeast"
46,3,1,40,1,0,2,0,21.7,"White",1,"northeast"
27,2,1,34,1,1,0,0,12,"White",0,"south"
22,0,1,40,1,1,0,0,9.15,"White",0,"south"
27,3,1,40,1,1,0,0,16.1,"White",1,"midwest"
45,1,1,40,1,1,5,0,20.2,"Black",1,"south"
35,1,0,45,1,1,2,0,44.44,"White",1,"west"
53,2,1,40,0,1,1,0,13,"White",2,"midwest"
38,0,0,40,0,1,1,0,30,"White",1,"northeast"
55,3,1,40,1,1,3,0,8.75,"White",1,"northeast"
39,2,1,40,1,0,1,0,6.72,"White",1,"midwest"
32,3,0,40,1,1,1,0,28.85,"White",1,"south"
57,3,0,38,1,1,0,0,51.61,"White",1,"northeast"
37,0,0,40,1,1,2,0,13.75,"White",1,"south"
45,3,1,50,1,1,2,0,20,"White",1,"west"
27,3,0,40,1,1,0,0,20.17,"White",0,"south"
30,0,0,40,0,1,0,0,10,"White",0,"northeast"
37,1,0,60,1,1,2,0,19.23,"White",1,"northeast"
40,2,0,50,1,1,3,1,40.38,"White",1,"south"
46,0,0,40,1,0,1,0,30.48,"Black",0,"northeast"
26,3,0,40,1,1,0,0,18.27,"White",1,"west"
61,4,0,55,1,1,0,0,28.67,"White",1,"west"
45,2,0,40,0,0,1,1,14.85,"White",1,"midwest"
44,0,0,40,1,1,1,1,33,"White",1,"northeast"
40,2,1,40,1,1,2,0,25.95,"Black",1,"south"
27,3,0,40,1,1,0,0,28.35,"White",1,"northeast"
63,0,1,40,1,1,0,1,20,"White",1,"northeast"
49,1,0,40,0,1,1,0,16.58,"White",1,"midwest"
52,2,1,50,1,1,2,1,14.85,"White",1,"northeast"
51,0,0,40,1,1,0,0,14.4,"White",1,"northeast"
66,0,0,37,1,1,2,0,13.9,"Black",1,"northeast"
44,0,1,50,1,1,1,0,17.5,"White",2,"south"
52,3,1,50,1,1,1,0,18.58,"White",1,"south"
34,3,0,40,1,1,3,0,25.95,"White",1,"west"
24,1,0,40,1,1,0,0,15.5,"White",0,"midwest"
34,3,0,40,1,1,3,0,34.6,"White",1,"northeast"
46,0,1,30,0,1,2,0,9,"White",2,"south"
36,3,0,35,0,1,3,0,25,"White",1,"west"
45,0,0,40,1,1,2,0,23.55,"White",1,"south"
50,1,0,50,1,0,0,0,24.24,"Asian",1,"west"
44,4,1,60,1,1,0,0,24.03,"White",1,"midwest"
39,2,0,40,1,1,2,0,30.62,"White",2,"south"
54,3,0,40,1,1,0,0,54,"White",2,"midwest"
28,3,0,40,1,1,0,0,13.82,"White",1,"west"
32,2,0,45,1,1,0,0,23.93,"White",1,"midwest"
54,0,0,60,1,1,0,0,10,"White",1,"south"
32,1,0,40,0,1,0,0,8,"Black",0,"south"
33,3,1,40,1,1,1,0,23.08,"Asian",1,"northeast"
35,2,0,40,1,1,1,0,20,"White",1,"south"
27,2,0,40,1,0,3,0,17,"White",1,"midwest"
56,3,0,50,1,1,2,0,14.85,"White",1,"northeast"
38,4,0,40,1,1,2,1,72.13,"White",1,"west"
26,0,0,40,0,1,0,0,20,"Black",0,"west"
28,0,1,40,1,1,2,0,13,"White",1,"northeast"
41,3,0,50,1,1,5,0,30,"White",1,"west"
30,3,1,40,1,1,0,0,24.05,"White",0,"south"
26,0,0,40,0,0,0,0,9,"White",0,"west"
27,0,0,70,1,0,1,0,10,"White",1,"south"
35,3,0,40,1,1,0,0,69.14,"White",0,"west"
31,3,0,60,0,1,0,0,22.43,"White",0,"west"
32,1,0,65,0,0,0,0,15,"White",0,"northeast"
33,4,0,40,1,1,1,0,11.27,"Asian",1,"northeast"
45,1,0,45,1,0,2,0,26.29,"White",1,"midwest"
20,1,0,40,1,1,0,0,9,"White",0,"midwest"
57,0,0,50,1,0,0,0,20,"White",1,"northeast"
34,1,1,40,1,1,3,1,16.83,"Black",0,"south"
52,2,1,60,0,1,1,1,8,"White",2,"midwest"
45,1,0,40,1,1,0,0,28.85,"White",2,"west"
40,3,1,40,0,1,0,0,12,"Asian",1,"northeast"
30,0,0,40,0,1,0,0,36.05,"White",0,"west"
39,2,1,40,1,1,1,0,17.25,"White",1,"midwest"
38,3,1,48,1,1,3,0,20.83,"White",1,"midwest"
47,0,0,40,0,1,1,0,12.02,"White",1,"south"
34,2,0,40,1,1,0,0,16.25,"White",0,"south"
41,0,1,40,1,1,0,0,10,"Black",1,"south"
27,3,0,45,1,1,2,0,17,"White",1,"midwest"
56,0,1,40,1,1,1,0,18.75,"White",2,"west"
41,4,0,40,1,1,0,0,10,"White",0,"south"
40,4,0,45,1,0,1,0,42.22,"White",1,"northeast"
51,2,0,40,1,1,0,0,18.75,"White",0,"midwest"
34,5,1,40,1,1,0,0,38.45,"White",1,"northeast"
38,1,1,40,1,1,0,0,14.43,"Black",0,"south"
55,1,1,50,1,1,3,1,19,"White",1,"south"
53,0,0,45,0,1,0,0,15,"White",0,"south"
46,3,0,50,1,1,2,0,29.24,"White",1,"midwest"
30,2,1,40,0,1,2,0,12.5,"White",0,"midwest"
50,3,1,45,1,1,1,0,6.67,"White",1,"northeast"
43,4,1,40,1,1,0,0,46.58,"White",0,"south"
28,3,1,40,1,1,1,1,40.85,"White",1,"south"
23,0,1,40,0,0,0,0,10,"White",0,"midwest"
31,1,1,40,1,1,0,0,18,"White",0,"south"
52,3,1,40,1,1,1,0,72.13,"White",1,"south"
29,3,0,50,1,1,1,0,18,"White",1,"south"
44,4,0,40,1,0,0,0,23.55,"White",0,"northeast"
44,1,1,40,1,0,2,0,9.56,"Black",2,"south"
47,3,0,65,1,1,0,0,23.66,"White",1,"south"
35,3,1,44,1,0,2,0,15.15,"White",1,"midwest"
45,3,0,52,1,1,0,0,55.48,"White",2,"northeast"
45,3,1,40,1,1,0,0,43.28,"Asian",0,"west"
45,0,0,35,0,1,0,0,9.5,"White",0,"south"
30,4,0,40,1,1,0,1,28.4,"White",0,"northeast"
44,1,0,60,1,1,4,0,40.07,"White",1,"northeast"
32,3,1,60,1,1,0,0,17.63,"White",0,"northeast"
32,0,1,40,1,1,3,0,13.45,"White",0,"south"
31,4,1,50,1,1,0,1,19.24,"White",1,"midwest"
34,4,0,40,1,1,0,1,10,"White",0,"west"
22,0,1,0,0,0,0,0,7.25,"White",0,"south"
30,5,0,60,1,1,0,1,18.27,"White",1,"west"
36,3,0,40,1,1,0,0,24.05,"Asian",1,"midwest"
47,3,1,40,1,0,2,1,22.13,"White",1,"midwest"
43,1,0,40,1,1,0,0,72.13,"Black",1,"northeast"
60,1,0,40,1,1,0,0,14.4,"White",1,"west"
65,1,0,40,1,1,1,1,13.27,"Asian",1,"west"
41,4,0,40,1,0,0,0,45,"White",1,"west"
46,4,1,40,1,1,1,0,8.75,"White",1,"northeast"
54,3,0,60,1,1,1,0,48.08,"White",1,"south"
55,3,0,40,1,1,0,0,9.63,"White",1,"midwest"
55,1,1,35,1,1,0,0,8.35,"White",1,"west"
54,4,0,50,1,1,1,0,57.7,"White",1,"south"
62,2,0,40,1,1,0,0,32,"White",1,"south"
45,3,1,40,1,0,2,0,31.25,"White",1,"west"
32,1,0,40,1,1,2,0,18.27,"White",1,"south"
56,0,1,40,1,1,1,0,14.43,"Asian",1,"west"
49,3,0,40,1,1,2,0,36.05,"White",1,"south"
55,3,0,40,1,1,0,0,12.5,"White",1,"northeast"
45,0,0,48,1,1,2,1,8.45,"White",1,"northeast"
45,2,1,40,1,1,1,1,28,"White",1,"northeast"
26,3,1,40,1,1,1,1,28.85,"White",1,"south"
28,0,0,40,1,1,0,0,12.55,"White",0,"northeast"
27,0,0,40,0,1,0,0,9.6,"White",0,"west"
31,1,0,40,1,1,2,0,28.83,"White",1,"south"
64,1,1,40,0,1,0,0,15,"White",2,"south"
59,3,1,40,1,1,1,0,11.88,"White",1,"south"
55,2,0,52,1,1,0,0,15.38,"White",2,"west"
28,1,0,0,1,1,0,0,15,"White",0,"west"
49,0,1,40,1,0,0,0,17.28,"White",1,"midwest"
40,4,1,40,1,1,0,1,30,"Asian",0,"west"
42,3,1,43,1,0,2,0,24.6,"White",2,"midwest"
48,3,1,40,1,1,2,0,48.08,"White",1,"midwest"
43,3,1,36,1,1,1,0,40,"White",2,"midwest"
30,2,0,40,1,1,1,0,31.25,"White",1,"west"
47,0,1,40,0,1,2,0,13.65,"White",2,"south"
31,0,1,35,0,0,2,0,13.55,"White",0,"northeast"
30,5,1,40,1,1,0,0,60,"White",1,"midwest"
33,0,1,50,0,1,3,0,10,"White",2,"midwest"
35,2,0,50,1,1,2,0,10,"White",1,"northeast"
63,0,1,40,1,1,0,0,46.63,"White",2,"northeast"
22,0,0,32,0,0,0,0,9.5,"White",0,"west"
58,0,0,50,1,0,1,0,36.52,"White",2,"midwest"
70,0,0,35,0,0,0,0,4.94,"White",1,"northeast"
23,1,1,40,0,1,1,0,13,"White",1,"northeast"
65,5,1,40,1,1,1,0,56.25,"White",2,"south"
30,1,0,40,1,1,3,1,17,"White",1,"west"
62,1,0,45,1,1,0,0,25.64,"White",1,"south"
55,0,0,40,1,1,2,0,17.75,"White",1,"northeast"
54,1,0,40,0,0,0,0,40.38,"White",1,"south"
46,4,0,60,1,1,2,0,48.08,"White",1,"midwest"
22,0,1,0,0,1,1,0,15,"White",0,"west"
52,0,1,40,1,1,2,0,9,"Asian",1,"northeast"
85,0,0,40,1,1,0,1,23.08,"White",1,"west"
70,0,0,40,1,1,2,0,26.35,"White",1,"midwest"
59,1,1,40,1,1,0,0,24.05,"White",1,"south"
30,3,1,36,1,1,2,0,26,"White",1,"midwest"
38,4,1,40,1,1,0,1,29.83,"White",1,"west"
41,0,0,40,1,1,0,0,48.08,"White",2,"south"
24,0,0,65,1,0,0,0,12.5,"White",0,"midwest"
41,0,1,38,1,1,0,1,14.28,"White",0,"northeast"
42,2,0,60,1,1,3,0,22,"White",1,"midwest"
50,4,0,40,1,1,2,0,72.13,"White",1,"south"
24,0,0,40,1,0,0,0,5.78,"White",0,"west"
52,0,0,40,0,1,3,0,12,"White",1,"west"
25,0,1,40,0,1,3,0,12,"White",1,"south"
42,3,0,40,1,1,5,1,29.75,"White",1,"west"
25,2,0,48,1,1,0,0,21.15,"White",0,"midwest"
37,3,1,48,0,1,2,1,20.02,"White",2,"northeast"
39,4,1,40,1,1,0,0,53.85,"White",2,"west"
26,1,1,36,1,1,2,0,14.5,"White",1,"west"
42,3,0,50,1,0,3,0,35.24,"White",1,"midwest"
21,0,1,40,0,0,1,0,12,"White",1,"midwest"
28,3,1,38,1,1,0,0,12,"Black",1,"south"
55,1,0,65,1,1,0,0,18.65,"White",1,"south"
28,0,0,72,0,0,2,0,6.94,"White",0,"south"
51,2,1,45,1,1,1,0,20.93,"White",1,"northeast"
57,3,1,50,1,0,0,0,55,"White",2,"west"
31,4,0,40,1,1,0,1,36.05,"White",1,"midwest"
50,1,1,40,1,1,2,0,14,"Asian",1,"west"
60,5,0,40,0,1,0,0,61.45,"White",1,"west"
46,2,0,43,0,1,1,0,18.25,"White",2,"northeast"
60,0,0,58,1,1,0,1,31,"White",1,"northeast"
39,1,0,40,1,1,1,0,12.1,"White",1,"south"
46,2,0,40,1,1,1,0,24.05,"White",1,"south"
38,3,1,40,1,1,0,0,15,"White",2,"south"
38,3,0,42,1,1,1,0,41.21,"White",1,"midwest"
55,0,0,40,1,0,2,0,24,"Black",1,"south"
61,4,0,40,1,1,0,0,52.2,"White",1,"south"
51,0,0,40,1,1,0,0,34.3,"White",1,"south"
36,3,1,48,1,1,0,0,41.21,"White",0,"west"
51,3,0,40,1,1,0,0,63,"White",1,"west"
41,0,1,36,1,0,0,0,13,"White",1,"northeast"
43,0,0,40,1,1,0,0,18.94,"White",1,"south"
42,3,0,53,1,1,0,0,11.49,"White",0,"south"
41,2,0,45,1,1,0,0,46.58,"White",1,"west"
38,0,0,75,0,1,0,0,5.33,"White",0,"northeast"
32,0,0,0,0,1,2,0,8,"White",1,"west"
51,4,1,40,1,1,0,0,41.33,"White",1,"northeast"
40,2,1,36,1,1,2,0,42.72,"White",1,"south"
23,3,0,55,1,1,0,0,15,"White",0,"northeast"
51,3,0,40,1,1,0,0,21.8,"White",1,"south"
43,4,1,50,1,0,0,0,17,"White",2,"northeast"
21,1,1,20,1,0,0,0,8.33,"White",0,"midwest"
26,1,1,40,1,0,0,0,14,"White",1,"west"
47,4,1,40,1,1,2,0,35,"White",1,"northeast"
55,1,1,45,1,1,0,1,23.07,"Black",1,"west"
44,2,0,50,1,1,3,0,28,"White",1,"west"
38,0,0,40,1,1,0,1,12.7,"White",0,"south"
41,0,0,40,1,1,2,1,14.9,"White",1,"midwest"
36,3,1,38,1,1,1,1,23.23,"Black",2,"west"
39,3,0,40,1,1,0,0,31.25,"White",1,"west"
46,3,0,40,1,0,2,1,22.5,"White",1,"northeast"
50,0,0,50,1,1,1,0,36.92,"White",1,"south"
34,3,0,40,1,0,2,0,28.85,"White",1,"midwest"
37,3,1,40,1,1,4,0,31.25,"Black",1,"midwest"
48,4,0,50,1,0,0,1,17.82,"White",1,"west"
57,0,1,40,1,1,0,0,7.25,"Asian",1,"south"
41,3,1,40,1,1,2,1,22.25,"Black",2,"west"
30,2,0,38,1,1,0,0,31.37,"White",1,"midwest"
63,0,0,50,1,1,0,0,17,"White",1,"northeast"
41,3,0,39,0,1,2,0,8.4,"White",1,"midwest"
32,3,0,45,1,1,2,0,25.62,"White",1,"northeast"
31,0,1,40,1,1,0,0,7.7,"Asian",1,"south"
40,2,0,40,1,0,2,1,22,"White",1,"midwest"
25,0,1,40,0,1,0,0,8,"White",1,"west"
41,1,1,38,0,1,2,0,16.5,"White",1,"west"
24,0,0,35,1,1,0,0,10,"White",0,"south"
35,3,0,40,1,0,0,0,18.45,"White",0,"west"
41,3,0,40,0,1,0,0,20.65,"White",0,"northeast"
61,2,1,40,1,0,0,1,13.45,"White",1,"west"
37,3,1,40,1,1,2,1,25,"Black",1,"south"
74,5,1,40,1,1,0,0,72.13,"White",0,"south"
37,1,0,40,1,1,2,0,30.27,"White",1,"west"
43,3,0,40,1,1,1,0,28.95,"White",1,"west"
46,0,1,36,1,0,0,0,10,"White",0,"south"
49,3,1,40,0,0,0,0,7.7,"White",2,"south"
33,3,0,40,0,0,0,1,23.3,"White",1,"midwest"
29,0,0,40,0,0,1,0,20,"White",1,"west"
43,2,1,40,1,1,3,0,33.65,"White",1,"northeast"
39,2,0,64,1,1,0,0,31.25,"White",1,"northeast"
63,4,1,46,1,1,0,0,13.8,"White",1,"northeast"
27,2,0,40,1,1,0,0,8.5,"White",0,"northeast"
58,3,1,40,1,1,0,0,28.85,"White",1,"west"
31,3,1,40,1,1,1,0,22,"White",1,"south"
18,0,0,40,1,1,0,0,8,"Black",0,"midwest"
48,0,1,40,0,1,3,0,18.75,"Asian",1,"west"
34,0,1,36,0,1,2,0,8,"White",2,"west"
38,1,0,50,1,0,0,0,33.5,"Black",2,"south"
32,0,0,48,1,0,4,0,28,"White",1,"west"
22,0,1,40,0,1,0,0,12.5,"White",1,"south"
32,1,1,40,0,1,2,0,8,"White",0,"south"
50,0,1,52,1,1,0,0,12.5,"Asian",0,"west"
33,2,0,50,0,1,2,0,17.5,"White",1,"south"
28,0,1,30,0,0,0,0,12,"White",0,"northeast"
44,2,0,40,1,0,2,1,16.83,"White",1,"northeast"
46,1,1,40,0,0,1,0,9.61,"White",1,"midwest"
56,2,0,50,1,1,0,0,18.46,"White",0,"west"
57,3,1,40,1,1,0,0,24.05,"White",1,"midwest"
58,0,1,41,1,1,0,0,19.37,"White",2,"northeast"
66,2,1,40,1,1,0,0,13.85,"White",2,"south"
27,1,1,40,1,1,0,0,9.75,"Black",0,"south"
54,3,0,50,1,1,2,1,34.62,"White",1,"northeast"
23,0,0,40,1,0,0,0,10,"White",0,"midwest"
32,4,0,40,1,1,0,0,20.67,"White",1,"south"
44,0,0,40,1,1,0,0,30,"White",1,"south"
61,4,0,38,1,1,0,0,38.97,"White",0,"midwest"
64,1,1,40,1,0,0,1,12,"White",1,"northeast"
60,0,1,40,0,1,0,0,12.5,"White",2,"west"
53,0,1,40,0,1,0,0,12.5,"Black",1,"south"
25,3,0,45,1,1,0,0,23.07,"White",0,"northeast"
47,3,1,45,1,1,0,0,34.18,"Asian",1,"midwest"
35,3,1,40,1,1,3,0,12,"White",1,"west"
65,1,1,52,1,0,0,0,14.25,"White",2,"midwest"
27,4,1,45,1,1,0,0,41.02,"White",0,"northeast"
52,5,1,50,1,1,4,1,36.5,"White",1,"northeast"
61,4,1,40,1,1,0,0,68.75,"White",0,"south"
56,0,0,40,0,1,2,0,16.25,"Asian",1,"west"
65,3,0,40,1,1,0,0,52.88,"Asian",1,"west"
41,0,0,40,1,1,0,0,20.5,"Black",1,"south"
34,5,1,40,1,1,1,0,40.88,"White",1,"west"
54,1,1,40,0,1,1,0,14,"White",1,"south"
59,4,0,40,1,1,0,0,32.5,"Black",1,"south"
28,1,0,40,1,1,1,0,21.75,"White",1,"south"
29,3,0,40,1,1,0,0,25,"White",0,"midwest"
24,0,0,40,1,1,1,0,16,"White",0,"midwest"
58,1,1,40,1,1,0,0,25.14,"White",1,"midwest"
52,2,1,40,1,1,1,1,23.44,"White",2,"midwest"
28,3,1,40,1,0,1,0,17.15,"White",1,"south"
31,3,1,56,1,1,0,0,15,"White",0,"west"
51,0,1,43,1,0,2,0,11.9,"White",1,"midwest"
27,3,0,40,1,1,0,0,29.8,"White",1,"west"
36,0,1,40,1,1,2,0,11.3,"Black",1,"south"
45,0,0,55,1,0,3,1,21.61,"White",1,"midwest"
29,0,0,50,1,1,0,0,22.5,"White",0,"south"
48,3,1,40,1,1,0,1,19.3,"White",0,"northeast"
33,0,0,60,1,1,1,0,28,"White",1,"south"
35,0,1,45,0,0,2,0,19.22,"White",1,"northeast"
58,0,0,40,1,1,0,0,18.25,"White",2,"northeast"
34,4,0,40,1,1,2,1,31.25,"Black",1,"northeast"
56,3,0,50,1,1,0,0,32,"White",0,"south"
40,4,0,60,1,0,6,0,32.7,"White",1,"west"
52,2,1,52,0,1,0,0,9.62,"White",2,"midwest"
42,0,1,40,1,1,0,0,19.23,"White",0,"west"
58,0,0,45,1,1,2,1,30,"White",1,"west"
43,1,1,40,0,1,3,0,8.5,"White",1,"south"
44,1,0,55,1,1,0,0,16.36,"White",1,"south"
56,0,1,40,1,1,0,0,17.3,"White",1,"west"
40,3,0,50,1,1,0,0,57.7,"White",0,"northeast"
59,0,0,40,1,1,0,0,25,"White",1,"northeast"
22,1,0,40,0,1,0,0,11,"White",0,"midwest"
41,3,0,40,1,1,2,0,37.5,"White",1,"south"
59,1,0,60,1,1,1,0,30.43,"White",1,"midwest"
26,3,1,40,1,0,0,0,21.63,"White",1,"northeast"
25,3,1,56,1,1,0,0,24,"White",0,"midwest"
34,4,1,45,1,0,2,0,43.6,"White",1,"west"
49,0,0,40,1,1,2,0,22.72,"White",1,"midwest"
40,0,1,30,1,1,5,0,8,"White",1,"west"
40,0,0,40,0,1,1,0,15,"White",0,"west"
24,0,0,40,1,1,0,0,12,"White",0,"northeast"
53,1,1,35,0,1,0,0,17.25,"White",1,"northeast"
24,1,0,40,1,1,0,0,10.32,"White",0,"northeast"
34,1,0,40,1,0,1,0,48.08,"White",1,"midwest"
32,1,1,38,1,1,0,0,30,"White",2,"midwest"
47,0,1,40,1,1,0,0,13.5,"White",2,"northeast"
45,0,0,40,1,0,0,0,25,"White",0,"midwest"
49,4,0,45,1,1,2,0,59.82,"White",1,"south"
41,0,0,40,1,1,1,1,23.5,"White",1,"midwest"
27,3,0,50,1,1,0,0,21.54,"White",1,"midwest"
34,2,1,35,0,1,2,0,10,"White",1,"south"
39,0,0,40,1,1,2,0,21.63,"White",1,"northeast"
36,0,1,45,1,1,3,0,11,"White",1,"south"
22,1,1,40,1,0,0,1,15,"White",0,"south"
59,0,0,50,1,1,0,0,14.67,"White",1,"south"
23,3,0,40,1,1,0,0,20.17,"White",0,"south"
34,1,0,40,0,1,2,0,25,"White",1,"west"
34,2,1,36,1,1,2,0,13.5,"White",1,"midwest"
50,3,1,36,1,1,2,0,19.22,"White",2,"midwest"
53,0,0,40,1,1,3,0,15,"White",1,"west"
40,0,0,40,1,1,2,0,12.95,"White",1,"midwest"
32,2,1,46,1,1,5,0,5.43,"White",1,"south"
31,3,1,40,1,1,0,0,22.35,"White",0,"south"
57,1,1,40,1,1,0,1,33,"White",1,"midwest"
44,3,1,40,1,1,0,0,12,"White",0,"northeast"
60,0,0,40,1,1,3,0,4.05,"White",1,"south"
65,0,1,40,1,1,0,0,24.05,"White",1,"midwest"
55,0,0,40,1,1,0,0,34.33,"White",0,"south"
49,1,0,40,1,1,1,1,13.5,"White",1,"south"
30,0,0,40,1,1,1,0,31.25,"White",1,"northeast"
57,3,1,55,1,1,0,0,18.65,"White",1,"south"
40,2,0,40,1,1,5,1,28,"Black",2,"west"
52,0,0,40,1,0,1,0,21.56,"White",1,"midwest"
37,4,0,60,1,0,2,0,11.53,"White",1,"south"
33,4,1,40,1,1,0,0,16.15,"White",0,"south"
22,2,0,40,0,1,0,0,16.83,"White",0,"midwest"
34,1,0,50,1,1,3,1,16.5,"White",1,"west"
54,2,0,50,1,1,0,0,57.7,"White",1,"northeast"
45,2,0,40,1,1,0,0,57.67,"White",1,"midwest"
32,1,0,56,1,1,3,1,14.18,"White",1,"west"
68,0,0,40,1,1,0,0,33.65,"White",1,"northeast"
46,1,0,40,1,0,0,0,19.23,"White",0,"west"
38,0,1,40,1,0,2,0,22.35,"White",1,"midwest"
58,5,1,60,1,1,0,0,35.83,"White",0,"midwest"
52,0,0,45,1,1,1,0,23,"White",2,"midwest"
49,0,0,38,0,1,0,1,7.75,"White",1,"midwest"
41,3,1,40,1,0,2,0,17.3,"White",1,"midwest"
45,5,0,40,1,1,3,1,36.05,"White",1,"northeast"
29,3,0,40,1,1,0,0,19.25,"Black",0,"south"
48,0,0,40,1,0,1,0,14.77,"White",1,"midwest"
29,2,0,35,0,0,0,0,12.98,"White",0,"midwest"
23,0,1,40,1,1,0,0,11,"White",0,"midwest"
56,2,1,40,1,1,1,0,14,"White",2,"northeast"
55,2,0,40,1,0,3,0,72.13,"White",1,"midwest"
50,4,1,50,1,1,0,0,21,"Black",1,"south"
24,1,0,40,1,1,0,0,8.75,"White",0,"south"
25,3,0,40,1,1,0,0,13.85,"White",0,"west"
31,3,1,40,1,1,0,0,25.95,"White",1,"midwest"
20,0,1,35,1,1,1,0,7.7,"White",0,"midwest"
23,2,1,40,1,1,0,0,10.57,"Asian",0,"south"
61,2,1,48,1,1,0,0,30,"White",1,"south"
56,0,0,40,1,1,0,0,21,"White",1,"northeast"
51,0,0,45,1,1,0,1,34.18,"White",1,"northeast"
21,1,1,38,1,1,0,0,8.5,"White",0,"northeast"
32,0,0,40,1,1,3,0,18.38,"White",1,"south"
55,1,0,40,1,1,2,1,38.45,"White",1,"northeast"
45,3,0,40,1,1,0,0,47.13,"White",2,"midwest"
33,4,1,40,1,1,2,1,26,"White",1,"northeast"
60,3,1,40,1,1,0,0,20,"White",1,"south"
52,3,0,40,1,1,0,0,52.88,"White",1,"midwest"
32,3,0,40,1,1,0,0,33.65,"White",0,"northeast"
32,4,0,55,1,1,0,0,45.45,"White",1,"south"
25,2,1,35,1,1,0,0,12,"White",0,"south"
38,3,0,40,0,1,0,0,37.5,"White",2,"south"
51,0,0,70,0,1,4,0,24.73,"White",1,"northeast"
55,2,1,40,1,1,0,0,13,"White",1,"midwest"
36,0,1,40,1,1,1,0,15,"Black",2,"south"
33,3,0,40,1,1,2,0,72.13,"White",1,"midwest"
27,1,0,45,1,1,0,0,14,"White",0,"midwest"
31,1,0,40,1,1,1,0,18,"White",1,"south"
62,3,1,40,1,1,0,1,11.55,"White",1,"south"
57,0,0,40,1,1,2,0,24.05,"White",1,"midwest"
64,1,0,40,0,0,0,0,10,"White",0,"south"
52,0,0,40,0,0,0,0,15,"White",1,"south"
30,0,1,35,1,1,0,0,13.4,"White",2,"west"
36,4,1,40,1,1,1,0,40.88,"Asian",1,"west"
70,0,1,40,1,1,0,1,37,"Black",0,"south"
50,1,0,70,1,1,2,0,32.97,"White",1,"south"
27,3,0,32,1,1,0,0,18.03,"White",1,"south"
24,0,0,45,1,0,0,0,13,"White",1,"south"
45,3,0,40,1,1,0,1,57.67,"White",0,"south"
48,4,1,40,1,0,2,0,52.4,"White",1,"south"
51,4,1,60,1,1,1,0,15.38,"White",1,"northeast"
55,0,1,70,1,0,1,0,11.53,"White",1,"west"
43,3,1,37,1,0,2,0,19.24,"White",0,"midwest"
38,4,1,50,1,0,0,0,19.24,"White",1,"northeast"
38,0,1,38,0,1,2,0,9,"White",1,"midwest"
44,2,0,45,1,1,0,0,37.15,"White",0,"west"
18,0,1,20,0,1,0,1,8.25,"White",0,"midwest"
46,3,0,38,1,1,2,0,24.29,"White",1,"midwest"
55,3,0,45,1,0,0,0,31.2,"White",1,"northeast"
33,0,0,75,1,0,1,0,9.25,"White",1,"midwest"
51,1,1,50,1,1,0,0,40,"White",2,"midwest"
44,1,0,45,1,1,0,1,17.09,"Black",2,"midwest"
46,3,0,40,1,1,0,1,13.49,"White",2,"midwest"
37,4,1,50,1,1,2,0,38.46,"White",1,"midwest"
39,4,1,40,1,1,1,0,12,"White",1,"south"
85,2,0,40,1,1,2,0,15,"White",0,"midwest"
61,0,1,40,1,1,0,0,10.5,"White",1,"northeast"
18,0,1,40,0,1,0,0,7.85,"White",0,"south"
22,1,0,0,0,0,0,0,20,"White",0,"midwest"
55,2,0,40,1,1,1,0,20,"White",1,"midwest"
60,4,1,50,0,0,0,1,46.14,"White",1,"west"
47,0,1,40,1,1,3,0,12.5,"Black",1,"south"
31,0,0,40,1,1,0,0,14,"White",0,"west"
51,0,1,30,0,1,1,1,9,"White",1,"northeast"
22,0,0,40,0,1,0,0,9.5,"White",0,"south"
50,3,0,50,1,1,1,0,28.26,"White",1,"south"
60,0,1,60,1,1,0,0,9.62,"White",1,"midwest"
43,5,0,20,0,1,1,0,48.05,"White",1,"northeast"
53,4,0,40,1,1,1,0,72.13,"White",1,"south"
34,3,1,50,1,0,3,1,12.88,"White",1,"midwest"
49,3,1,40,1,1,2,1,18,"White",1,"northeast"
38,2,1,40,1,1,3,0,16.75,"White",2,"south"
50,4,1,40,1,1,1,0,25.48,"White",1,"south"
42,3,1,50,1,1,2,0,16,"White",2,"south"
27,3,1,32,0,0,1,0,15,"White",1,"midwest"
